firstName,lastName,globalID,profileType
test,test,cectest2002,Administrator
test,test,cectest2003,Administrator
test,test,cectest2004,Administrator
test,test,cectest2005,Administrator
test,test,cectest2006,Administrator
test,test,cectest2007,Administrator
test,test,cectest2008,Administrator
test,test,cectest2009,Administrator
test,test,cectest2010,Administrator
test,test,cectest2011,Administrator
test,test,cectest2012,Administrator
test,test,cectest2013,Administrator
test,test,cectest2014,Administrator
test,test,cectest2015,Administrator
test,test,cectest2016,Administrator
test,test,cectest2017,Administrator
test,test,cectest2018,Administrator
test,test,cectest2019,Administrator
test,test,cectest2020,Administrator
test,test,cectest2021,Administrator
test,test,cectest2022,Administrator
test,test,cectest2023,Administrator
test,test,cectest2024,Administrator
test,test,cectest2025,Administrator
test,test,cectest2026,Administrator
test,test,cectest2027,Administrator
test,test,cectest2028,Administrator
test,test,cectest2029,Administrator
test,test,cectest2030,Administrator
test,test,cectest2031,Administrator
test,test,cectest2032,Administrator
test,test,cectest2033,Administrator
test,test,cectest2034,Administrator
test,test,cectest2035,Administrator
test,test,cectest2036,Administrator
test,test,cectest2037,Administrator
test,test,cectest2038,Administrator
test,test,cectest2039,Administrator
test,test,cectest2040,Administrator
test,test,cectest2041,Administrator
test,test,cectest2042,Administrator
test,test,cectest2043,Administrator
test,test,cectest2044,Administrator
test,test,cectest2045,Administrator
test,test,cectest2046,Administrator
test,test,cectest2047,Administrator
test,test,cectest2048,Administrator
test,test,cectest2049,Administrator
test,test,cectest2050,Administrator
test,test,cectest2051,Administrator
test,test,cectest2052,Administrator
test,test,cectest2053,Administrator
test,test,cectest2054,Administrator
test,test,cectest2055,Administrator
test,test,cectest2056,Administrator
test,test,cectest2057,Administrator
test,test,cectest2058,Administrator
test,test,cectest2059,Administrator
test,test,cectest2060,Administrator
test,test,cectest2061,Administrator
test,test,cectest2062,Administrator
test,test,cectest2063,Administrator
test,test,cectest2064,Administrator
test,test,cectest2065,Administrator
test,test,cectest2066,Administrator
test,test,cectest2067,Administrator
test,test,cectest2068,Administrator
test,test,cectest2069,Administrator
test,test,cectest2070,Administrator
test,test,cectest2071,Administrator
test,test,cectest2072,Administrator
test,test,cectest2073,Administrator
test,test,cectest2074,Administrator
test,test,cectest2075,Administrator
test,test,cectest2076,Administrator
test,test,cectest2077,Administrator
test,test,cectest2078,Administrator
test,test,cectest2079,Administrator
test,test,cectest2080,Administrator
test,test,cectest2081,Administrator
test,test,cectest2082,Administrator
test,test,cectest2083,Administrator
test,test,cectest2084,Administrator
test,test,cectest2085,Administrator
test,test,cectest2086,Administrator
test,test,cectest2087,Administrator
test,test,cectest2088,Administrator
test,test,cectest2089,Administrator
test,test,cectest2090,Administrator
test,test,cectest2091,Administrator
test,test,cectest2092,Administrator
test,test,cectest2093,Administrator
test,test,cectest2094,Administrator
test,test,cectest2095,Administrator
test,test,cectest2096,Administrator
test,test,cectest2097,Administrator
test,test,cectest2098,Administrator
test,test,cectest2099,Administrator
test,test,cectest2100,Administrator
test,test,cectest2101,Administrator
test,test,cectest2102,Administrator
test,test,cectest2103,Administrator
test,test,cectest2104,Administrator
test,test,cectest2105,Administrator
test,test,cectest2106,Administrator
test,test,cectest2107,Administrator
test,test,cectest2108,Administrator
test,test,cectest2109,Administrator
test,test,cectest2110,Administrator
test,test,cectest2111,Administrator
test,test,cectest2112,Administrator
test,test,cectest2113,Administrator
test,test,cectest2114,Administrator
test,test,cectest2115,Administrator
test,test,cectest2116,Administrator
test,test,cectest2117,Administrator
test,test,cectest2118,Administrator
test,test,cectest2119,Administrator
test,test,cectest2120,Administrator
test,test,cectest2121,Administrator
test,test,cectest2122,Administrator
test,test,cectest2123,Administrator
test,test,cectest2124,Administrator
test,test,cectest2125,Administrator
test,test,cectest2126,Administrator
test,test,cectest2127,Administrator
test,test,cectest2128,Administrator
test,test,cectest2129,Administrator
test,test,cectest2130,Administrator
test,test,cectest2131,Administrator
test,test,cectest2132,Administrator
test,test,cectest2133,Administrator
test,test,cectest2134,Administrator
test,test,cectest2135,Administrator
test,test,cectest2136,Administrator
test,test,cectest2137,Administrator
test,test,cectest2138,Administrator
test,test,cectest2139,Administrator
test,test,cectest2140,Administrator
test,test,cectest2141,Administrator
test,test,cectest2142,Administrator
test,test,cectest2143,Administrator
test,test,cectest2144,Administrator
test,test,cectest2145,Administrator
test,test,cectest2146,Administrator
test,test,cectest2147,Administrator
test,test,cectest2148,Administrator
test,test,cectest2149,Administrator
test,test,cectest2150,Administrator
test,test,cectest2151,Administrator
test,test,cectest2152,Administrator
test,test,cectest2153,Administrator
test,test,cectest2154,Administrator
test,test,cectest2155,Administrator
test,test,cectest2156,Administrator
test,test,cectest2157,Administrator
test,test,cectest2158,Administrator
test,test,cectest2159,Administrator
test,test,cectest2160,Administrator
test,test,cectest2161,Administrator
test,test,cectest2162,Administrator
test,test,cectest2163,Administrator
test,test,cectest2164,Administrator
test,test,cectest2165,Administrator
test,test,cectest2166,Administrator
test,test,cectest2167,Administrator
test,test,cectest2168,Administrator
test,test,cectest2169,Administrator
test,test,cectest2170,Administrator
test,test,cectest2171,Administrator
test,test,cectest2172,Administrator
test,test,cectest2173,Administrator
test,test,cectest2174,Administrator
test,test,cectest2175,Administrator
test,test,cectest2176,Administrator
test,test,cectest2177,Administrator
test,test,cectest2178,Administrator
test,test,cectest2179,Administrator
test,test,cectest2180,Administrator
test,test,cectest2181,Administrator
test,test,cectest2182,Administrator
test,test,cectest2183,Administrator
test,test,cectest2184,Administrator
test,test,cectest2185,Administrator
test,test,cectest2186,Administrator
test,test,cectest2187,Administrator
test,test,cectest2188,Administrator
test,test,cectest2189,Administrator
test,test,cectest2190,Administrator
test,test,cectest2191,Administrator
test,test,cectest2192,Administrator
test,test,cectest2193,Administrator
test,test,cectest2194,Administrator
test,test,cectest2195,Administrator
test,test,cectest2196,Administrator
test,test,cectest2197,Administrator
test,test,cectest2198,Administrator
test,test,cectest2199,Administrator
test,test,cectest2200,Administrator
test,test,cectest2201,Administrator
test,test,cectest2202,Administrator
test,test,cectest2203,Administrator
test,test,cectest2204,Administrator
test,test,cectest2205,Administrator
test,test,cectest2206,Administrator
test,test,cectest2207,Administrator
test,test,cectest2208,Administrator
test,test,cectest2209,Administrator
test,test,cectest2210,Administrator
test,test,cectest2211,Administrator
test,test,cectest2212,Administrator
test,test,cectest2213,Administrator
test,test,cectest2214,Administrator
test,test,cectest2215,Administrator
test,test,cectest2216,Administrator
test,test,cectest2217,Administrator
test,test,cectest2218,Administrator
test,test,cectest2219,Administrator
test,test,cectest2220,Administrator
test,test,cectest2221,Administrator
test,test,cectest2222,Administrator
test,test,cectest2223,Administrator
test,test,cectest2224,Administrator
test,test,cectest2225,Administrator
test,test,cectest2226,Administrator
test,test,cectest2227,Administrator
test,test,cectest2228,Administrator
test,test,cectest2229,Administrator
test,test,cectest2230,Administrator
test,test,cectest2231,Administrator
test,test,cectest2232,Administrator
test,test,cectest2233,Administrator
test,test,cectest2234,Administrator
test,test,cectest2235,Administrator
test,test,cectest2236,Administrator
test,test,cectest2237,Administrator
test,test,cectest2238,Administrator
test,test,cectest2239,Administrator
test,test,cectest2240,Administrator
test,test,cectest2241,Administrator
test,test,cectest2242,Administrator
test,test,cectest2243,Administrator
test,test,cectest2244,Administrator
test,test,cectest2245,Administrator
test,test,cectest2246,Administrator
test,test,cectest2247,Administrator
test,test,cectest2248,Administrator
test,test,cectest2249,Administrator
test,test,cectest2250,Administrator
test,test,cectest2251,Administrator
test,test,cectest2252,Administrator
test,test,cectest2253,Administrator
test,test,cectest2254,Administrator
test,test,cectest2255,Administrator
test,test,cectest2256,Administrator
test,test,cectest2257,Administrator
test,test,cectest2258,Administrator
test,test,cectest2259,Administrator
test,test,cectest2260,Administrator
test,test,cectest2261,Administrator
test,test,cectest2262,Administrator
test,test,cectest2263,Administrator
test,test,cectest2264,Administrator
test,test,cectest2265,Administrator
test,test,cectest2266,Administrator
test,test,cectest2267,Administrator
test,test,cectest2268,Administrator
test,test,cectest2269,Administrator
test,test,cectest2270,Administrator
test,test,cectest2271,Administrator
test,test,cectest2272,Administrator
test,test,cectest2273,Administrator
test,test,cectest2274,Administrator
test,test,cectest2275,Administrator
test,test,cectest2276,Administrator
test,test,cectest2277,Administrator
test,test,cectest2278,Administrator
test,test,cectest2279,Administrator
test,test,cectest2280,Administrator
test,test,cectest2281,Administrator
test,test,cectest2282,Administrator
test,test,cectest2283,Administrator
test,test,cectest2284,Administrator
test,test,cectest2285,Administrator
test,test,cectest2286,Administrator
test,test,cectest2287,Administrator
test,test,cectest2288,Administrator
test,test,cectest2289,Administrator
test,test,cectest2290,Administrator
test,test,cectest2291,Administrator
test,test,cectest2292,Administrator
test,test,cectest2293,Administrator
test,test,cectest2294,Administrator
test,test,cectest2295,Administrator
test,test,cectest2296,Administrator
test,test,cectest2297,Administrator
test,test,cectest2298,Administrator
test,test,cectest2299,Administrator
test,test,cectest2300,Administrator
test,test,cectest2301,Administrator
test,test,cectest2302,Administrator
test,test,cectest2303,Administrator
test,test,cectest2304,Administrator
test,test,cectest2305,Administrator
test,test,cectest2306,Administrator
test,test,cectest2307,Administrator
test,test,cectest2308,Administrator
test,test,cectest2309,Administrator
test,test,cectest2310,Administrator
test,test,cectest2311,Administrator
test,test,cectest2312,Administrator
test,test,cectest2313,Administrator
test,test,cectest2314,Administrator
test,test,cectest2315,Administrator
test,test,cectest2316,Administrator
test,test,cectest2317,Administrator
test,test,cectest2318,Administrator
test,test,cectest2319,Administrator
test,test,cectest2320,Administrator
test,test,cectest2321,Administrator
test,test,cectest2322,Administrator
test,test,cectest2323,Administrator
test,test,cectest2324,Administrator
test,test,cectest2325,Administrator
test,test,cectest2326,Administrator
test,test,cectest2327,Administrator
test,test,cectest2328,Administrator
test,test,cectest2329,Administrator
test,test,cectest2330,Administrator
test,test,cectest2331,Administrator
test,test,cectest2332,Administrator
test,test,cectest2333,Administrator
test,test,cectest2334,Administrator
test,test,cectest2335,Administrator
test,test,cectest2336,Administrator
test,test,cectest2337,Administrator
test,test,cectest2338,Administrator
test,test,cectest2339,Administrator
test,test,cectest2340,Administrator
test,test,cectest2341,Administrator
test,test,cectest2342,Administrator
test,test,cectest2343,Administrator
test,test,cectest2344,Administrator
test,test,cectest2345,Administrator
test,test,cectest2346,Administrator
test,test,cectest2347,Administrator
test,test,cectest2348,Administrator
test,test,cectest2349,Administrator
test,test,cectest2350,Administrator
test,test,cectest2351,Administrator
test,test,cectest2352,Administrator
test,test,cectest2353,Administrator
test,test,cectest2354,Administrator
test,test,cectest2355,Administrator
test,test,cectest2356,Administrator
test,test,cectest2357,Administrator
test,test,cectest2358,Administrator
test,test,cectest2359,Administrator
test,test,cectest2360,Administrator
test,test,cectest2361,Administrator
test,test,cectest2362,Administrator
test,test,cectest2363,Administrator
test,test,cectest2364,Administrator
test,test,cectest2365,Administrator
test,test,cectest2366,Administrator
test,test,cectest2367,Administrator
test,test,cectest2368,Administrator
test,test,cectest2369,Administrator
test,test,cectest2370,Administrator
test,test,cectest2371,Administrator
test,test,cectest2372,Administrator
test,test,cectest2373,Administrator
test,test,cectest2374,Administrator
test,test,cectest2375,Administrator
test,test,cectest2376,Administrator
test,test,cectest2377,Administrator
test,test,cectest2378,Administrator
test,test,cectest2379,Administrator
test,test,cectest2380,Administrator
test,test,cectest2381,Administrator
test,test,cectest2382,Administrator
test,test,cectest2383,Administrator
test,test,cectest2384,Administrator
test,test,cectest2385,Administrator
test,test,cectest2386,Administrator
test,test,cectest2387,Administrator
test,test,cectest2388,Administrator
test,test,cectest2389,Administrator
test,test,cectest2390,Administrator
test,test,cectest2391,Administrator
test,test,cectest2392,Administrator
test,test,cectest2393,Administrator
test,test,cectest2394,Administrator
test,test,cectest2395,Administrator
test,test,cectest2396,Administrator
test,test,cectest2397,Administrator
test,test,cectest2398,Administrator
test,test,cectest2399,Administrator
test,test,cectest2400,Administrator
test,test,cectest2401,Administrator
test,test,cectest2402,Administrator
test,test,cectest2403,Administrator
test,test,cectest2404,Administrator
test,test,cectest2405,Administrator
test,test,cectest2406,Administrator
test,test,cectest2407,Administrator
test,test,cectest2408,Administrator
test,test,cectest2409,Administrator
test,test,cectest2410,Administrator
test,test,cectest2411,Administrator
test,test,cectest2412,Administrator
test,test,cectest2413,Administrator
test,test,cectest2414,Administrator
test,test,cectest2415,Administrator
test,test,cectest2416,Administrator
test,test,cectest2417,Administrator
test,test,cectest2418,Administrator
test,test,cectest2419,Administrator
test,test,cectest2420,Administrator
test,test,cectest2421,Administrator
test,test,cectest2422,Administrator
test,test,cectest2423,Administrator
test,test,cectest2424,Administrator
test,test,cectest2425,Administrator
test,test,cectest2426,Administrator
test,test,cectest2427,Administrator
test,test,cectest2428,Administrator
test,test,cectest2429,Administrator
test,test,cectest2430,Administrator
test,test,cectest2431,Administrator
test,test,cectest2432,Administrator
test,test,cectest2433,Administrator
test,test,cectest2434,Administrator
test,test,cectest2435,Administrator
test,test,cectest2436,Administrator
test,test,cectest2437,Administrator
test,test,cectest2438,Administrator
test,test,cectest2439,Administrator
test,test,cectest2440,Administrator
test,test,cectest2441,Administrator
test,test,cectest2442,Administrator
test,test,cectest2443,Administrator
test,test,cectest2444,Administrator
test,test,cectest2445,Administrator
test,test,cectest2446,Administrator
test,test,cectest2447,Administrator
test,test,cectest2448,Administrator
test,test,cectest2449,Administrator
test,test,cectest2450,Administrator
test,test,cectest2451,Administrator
test,test,cectest2452,Administrator
test,test,cectest2453,Administrator
test,test,cectest2454,Administrator
test,test,cectest2455,Administrator
test,test,cectest2456,Administrator
test,test,cectest2457,Administrator
test,test,cectest2458,Administrator
test,test,cectest2459,Administrator
test,test,cectest2460,Administrator
test,test,cectest2461,Administrator
test,test,cectest2462,Administrator
test,test,cectest2463,Administrator
test,test,cectest2464,Administrator
test,test,cectest2465,Administrator
test,test,cectest2466,Administrator
test,test,cectest2467,Administrator
test,test,cectest2468,Administrator
test,test,cectest2469,Administrator
test,test,cectest2470,Administrator
test,test,cectest2471,Administrator
test,test,cectest2472,Administrator
test,test,cectest2473,Administrator
test,test,cectest2474,Administrator
test,test,cectest2475,Administrator
test,test,cectest2476,Administrator
test,test,cectest2477,Administrator
test,test,cectest2478,Administrator
test,test,cectest2479,Administrator
test,test,cectest2480,Administrator
test,test,cectest2481,Administrator
test,test,cectest2482,Administrator
test,test,cectest2483,Administrator
test,test,cectest2484,Administrator
test,test,cectest2485,Administrator
test,test,cectest2486,Administrator
test,test,cectest2487,Administrator
test,test,cectest2488,Administrator
test,test,cectest2489,Administrator
test,test,cectest2490,Administrator
test,test,cectest2491,Administrator
test,test,cectest2492,Administrator
test,test,cectest2493,Administrator
test,test,cectest2494,Administrator
test,test,cectest2495,Administrator
test,test,cectest2496,Administrator
test,test,cectest2497,Administrator
test,test,cectest2498,Administrator
test,test,cectest2499,Administrator
test,test,cectest2500,Administrator
test,test,cectest2501,Administrator
test,test,cectest2502,Administrator
test,test,cectest2503,Administrator
test,test,cectest2504,Administrator
test,test,cectest2505,Administrator
test,test,cectest2506,Administrator
test,test,cectest2507,Administrator
test,test,cectest2508,Administrator
test,test,cectest2509,Administrator
test,test,cectest2510,Administrator
test,test,cectest2511,Administrator
test,test,cectest2512,Administrator
test,test,cectest2513,Administrator
test,test,cectest2514,Administrator
test,test,cectest2515,Administrator
test,test,cectest2516,Administrator
test,test,cectest2517,Administrator
test,test,cectest2518,Administrator
test,test,cectest2519,Administrator
test,test,cectest2520,Administrator
test,test,cectest2521,Administrator
test,test,cectest2522,Administrator
test,test,cectest2523,Administrator
test,test,cectest2524,Administrator
test,test,cectest2525,Administrator
test,test,cectest2526,Administrator
test,test,cectest2527,Administrator
test,test,cectest2528,Administrator
test,test,cectest2529,Administrator
test,test,cectest2530,Administrator
test,test,cectest2531,Administrator
test,test,cectest2532,Administrator
test,test,cectest2533,Administrator
test,test,cectest2534,Administrator
test,test,cectest2535,Administrator
test,test,cectest2536,Administrator
test,test,cectest2537,Administrator
test,test,cectest2538,Administrator
test,test,cectest2539,Administrator
test,test,cectest2540,Administrator
test,test,cectest2541,Administrator
test,test,cectest2542,Administrator
test,test,cectest2543,Administrator
test,test,cectest2544,Administrator
test,test,cectest2545,Administrator
test,test,cectest2546,Administrator
test,test,cectest2547,Administrator
test,test,cectest2548,Administrator
test,test,cectest2549,Administrator
test,test,cectest2550,Administrator
test,test,cectest2551,Administrator
test,test,cectest2552,Administrator
test,test,cectest2553,Administrator
test,test,cectest2554,Administrator
test,test,cectest2555,Administrator
test,test,cectest2556,Administrator
test,test,cectest2557,Administrator
test,test,cectest2558,Administrator
test,test,cectest2559,Administrator
test,test,cectest2560,Administrator
test,test,cectest2561,Administrator
test,test,cectest2562,Administrator
test,test,cectest2563,Administrator
test,test,cectest2564,Administrator
test,test,cectest2565,Administrator
test,test,cectest2566,Administrator
test,test,cectest2567,Administrator
test,test,cectest2568,Administrator
test,test,cectest2569,Administrator
test,test,cectest2570,Administrator
test,test,cectest2571,Administrator
test,test,cectest2572,Administrator
test,test,cectest2573,Administrator
test,test,cectest2574,Administrator
test,test,cectest2575,Administrator
test,test,cectest2576,Administrator
test,test,cectest2577,Administrator
test,test,cectest2578,Administrator
test,test,cectest2579,Administrator
test,test,cectest2580,Administrator
test,test,cectest2581,Administrator
test,test,cectest2582,Administrator
test,test,cectest2583,Administrator
test,test,cectest2584,Administrator
test,test,cectest2585,Administrator
test,test,cectest2586,Administrator
test,test,cectest2587,Administrator
test,test,cectest2588,Administrator
test,test,cectest2589,Administrator
test,test,cectest2590,Administrator
test,test,cectest2591,Administrator
test,test,cectest2592,Administrator
test,test,cectest2593,Administrator
test,test,cectest2594,Administrator
test,test,cectest2595,Administrator
test,test,cectest2596,Administrator
test,test,cectest2597,Administrator
test,test,cectest2598,Administrator
test,test,cectest2599,Administrator
test,test,cectest2600,Administrator
test,test,cectest2601,Administrator
test,test,cectest2602,Administrator
test,test,cectest2603,Administrator
test,test,cectest2604,Administrator
test,test,cectest2605,Administrator
test,test,cectest2606,Administrator
test,test,cectest2607,Administrator
test,test,cectest2608,Administrator
test,test,cectest2609,Administrator
test,test,cectest2610,Administrator
test,test,cectest2611,Administrator
test,test,cectest2612,Administrator
test,test,cectest2613,Administrator
test,test,cectest2614,Administrator
test,test,cectest2615,Administrator
test,test,cectest2616,Administrator
test,test,cectest2617,Administrator
test,test,cectest2618,Administrator
test,test,cectest2619,Administrator
test,test,cectest2620,Administrator
test,test,cectest2621,Administrator
test,test,cectest2622,Administrator
test,test,cectest2623,Administrator
test,test,cectest2624,Administrator
test,test,cectest2625,Administrator
test,test,cectest2626,Administrator
test,test,cectest2627,Administrator
test,test,cectest2628,Administrator
test,test,cectest2629,Administrator
test,test,cectest2630,Administrator
test,test,cectest2631,Administrator
test,test,cectest2632,Administrator
test,test,cectest2633,Administrator
test,test,cectest2634,Administrator
test,test,cectest2635,Administrator
test,test,cectest2636,Administrator
test,test,cectest2637,Administrator
test,test,cectest2638,Administrator
test,test,cectest2639,Administrator
test,test,cectest2640,Administrator
test,test,cectest2641,Administrator
test,test,cectest2642,Administrator
test,test,cectest2643,Administrator
test,test,cectest2644,Administrator
test,test,cectest2645,Administrator
test,test,cectest2646,Administrator
test,test,cectest2647,Administrator
test,test,cectest2648,Administrator
test,test,cectest2649,Administrator
test,test,cectest2650,Administrator
test,test,cectest2651,Administrator
test,test,cectest2652,Administrator
test,test,cectest2653,Administrator
test,test,cectest2654,Administrator
test,test,cectest2655,Administrator
test,test,cectest2656,Administrator
test,test,cectest2657,Administrator
test,test,cectest2658,Administrator
test,test,cectest2659,Administrator
test,test,cectest2660,Administrator
test,test,cectest2661,Administrator
test,test,cectest2662,Administrator
test,test,cectest2663,Administrator
test,test,cectest2664,Administrator
test,test,cectest2665,Administrator
test,test,cectest2666,Administrator
test,test,cectest2667,Administrator
test,test,cectest2668,Administrator
test,test,cectest2669,Administrator
test,test,cectest2670,Administrator
test,test,cectest2671,Administrator
test,test,cectest2672,Administrator
test,test,cectest2673,Administrator
test,test,cectest2674,Administrator
test,test,cectest2675,Administrator
test,test,cectest2676,Administrator
test,test,cectest2677,Administrator
test,test,cectest2678,Administrator
test,test,cectest2679,Administrator
test,test,cectest2680,Administrator
test,test,cectest2681,Administrator
test,test,cectest2682,Administrator
test,test,cectest2683,Administrator
test,test,cectest2684,Administrator
test,test,cectest2685,Administrator
test,test,cectest2686,Administrator
test,test,cectest2687,Administrator
test,test,cectest2688,Administrator
test,test,cectest2689,Administrator
test,test,cectest2690,Administrator
test,test,cectest2691,Administrator
test,test,cectest2692,Administrator
test,test,cectest2693,Administrator
test,test,cectest2694,Administrator
test,test,cectest2695,Administrator
test,test,cectest2696,Administrator
test,test,cectest2697,Administrator
test,test,cectest2698,Administrator
test,test,cectest2699,Administrator
test,test,cectest2700,Administrator
test,test,cectest2701,Administrator
test,test,cectest2702,Administrator
test,test,cectest2703,Administrator
test,test,cectest2704,Administrator
test,test,cectest2705,Administrator
test,test,cectest2706,Administrator
test,test,cectest2707,Administrator
test,test,cectest2708,Administrator
test,test,cectest2709,Administrator
test,test,cectest2710,Administrator
test,test,cectest2711,Administrator
test,test,cectest2712,Administrator
test,test,cectest2713,Administrator
test,test,cectest2714,Administrator
test,test,cectest2715,Administrator
test,test,cectest2716,Administrator
test,test,cectest2717,Administrator
test,test,cectest2718,Administrator
test,test,cectest2719,Administrator
test,test,cectest2720,Administrator
test,test,cectest2721,Administrator
test,test,cectest2722,Administrator
test,test,cectest2723,Administrator
test,test,cectest2724,Administrator
test,test,cectest2725,Administrator
test,test,cectest2726,Administrator
test,test,cectest2727,Administrator
test,test,cectest2728,Administrator
test,test,cectest2729,Administrator
test,test,cectest2730,Administrator
test,test,cectest2731,Administrator
test,test,cectest2732,Administrator
test,test,cectest2733,Administrator
test,test,cectest2734,Administrator
test,test,cectest2735,Administrator
test,test,cectest2736,Administrator
test,test,cectest2737,Administrator
test,test,cectest2738,Administrator
test,test,cectest2739,Administrator
test,test,cectest2740,Administrator
test,test,cectest2741,Administrator
test,test,cectest2742,Administrator
test,test,cectest2743,Administrator
test,test,cectest2744,Administrator
test,test,cectest2745,Administrator
test,test,cectest2746,Administrator
test,test,cectest2747,Administrator
test,test,cectest2748,Administrator
test,test,cectest2749,Administrator
test,test,cectest2750,Administrator
test,test,cectest2751,Administrator
test,test,cectest2752,Administrator
test,test,cectest2753,Administrator
test,test,cectest2754,Administrator
test,test,cectest2755,Administrator
test,test,cectest2756,Administrator
test,test,cectest2757,Administrator
test,test,cectest2758,Administrator
test,test,cectest2759,Administrator
test,test,cectest2760,Administrator
test,test,cectest2761,Administrator
test,test,cectest2762,Administrator
test,test,cectest2763,Administrator
test,test,cectest2764,Administrator
test,test,cectest2765,Administrator
test,test,cectest2766,Administrator
test,test,cectest2767,Administrator
test,test,cectest2768,Administrator
test,test,cectest2769,Administrator
test,test,cectest2770,Administrator
test,test,cectest2771,Administrator
test,test,cectest2772,Administrator
test,test,cectest2773,Administrator
test,test,cectest2774,Administrator
test,test,cectest2775,Administrator
test,test,cectest2776,Administrator
test,test,cectest2777,Administrator
test,test,cectest2778,Administrator
test,test,cectest2779,Administrator
test,test,cectest2780,Administrator
test,test,cectest2781,Administrator
test,test,cectest2782,Administrator
test,test,cectest2783,Administrator
test,test,cectest2784,Administrator
test,test,cectest2785,Administrator
test,test,cectest2786,Administrator
test,test,cectest2787,Administrator
test,test,cectest2788,Administrator
test,test,cectest2789,Administrator
test,test,cectest2790,Administrator
test,test,cectest2791,Administrator
test,test,cectest2792,Administrator
test,test,cectest2793,Administrator
test,test,cectest2794,Administrator
test,test,cectest2795,Administrator
test,test,cectest2796,Administrator
test,test,cectest2797,Administrator
test,test,cectest2798,Administrator
test,test,cectest2799,Administrator
test,test,cectest2800,Administrator
test,test,cectest2801,Administrator
test,test,cectest2802,Administrator
test,test,cectest2803,Administrator
test,test,cectest2804,Administrator
test,test,cectest2805,Administrator
test,test,cectest2806,Administrator
test,test,cectest2807,Administrator
test,test,cectest2808,Administrator
test,test,cectest2809,Administrator
test,test,cectest2810,Administrator
test,test,cectest2811,Administrator
test,test,cectest2812,Administrator
test,test,cectest2813,Administrator
test,test,cectest2814,Administrator
test,test,cectest2815,Administrator
test,test,cectest2816,Administrator
test,test,cectest2817,Administrator
test,test,cectest2818,Administrator
test,test,cectest2819,Administrator
test,test,cectest2820,Administrator
test,test,cectest2821,Administrator
test,test,cectest2822,Administrator
test,test,cectest2823,Administrator
test,test,cectest2824,Administrator
test,test,cectest2825,Administrator
test,test,cectest2826,Administrator
test,test,cectest2827,Administrator
test,test,cectest2828,Administrator
test,test,cectest2829,Administrator
test,test,cectest2830,Administrator
test,test,cectest2831,Administrator
test,test,cectest2832,Administrator
test,test,cectest2833,Administrator
test,test,cectest2834,Administrator
test,test,cectest2835,Administrator
test,test,cectest2836,Administrator
test,test,cectest2837,Administrator
test,test,cectest2838,Administrator
test,test,cectest2839,Administrator
test,test,cectest2840,Administrator
test,test,cectest2841,Administrator
test,test,cectest2842,Administrator
test,test,cectest2843,Administrator
test,test,cectest2844,Administrator
test,test,cectest2845,Administrator
test,test,cectest2846,Administrator
test,test,cectest2847,Administrator
test,test,cectest2848,Administrator
test,test,cectest2849,Administrator
test,test,cectest2850,Administrator
test,test,cectest2851,Administrator
test,test,cectest2852,Administrator
test,test,cectest2853,Administrator
test,test,cectest2854,Administrator
test,test,cectest2855,Administrator
test,test,cectest2856,Administrator
test,test,cectest2857,Administrator
test,test,cectest2858,Administrator
test,test,cectest2859,Administrator
test,test,cectest2860,Administrator
test,test,cectest2861,Administrator
test,test,cectest2862,Administrator
test,test,cectest2863,Administrator
test,test,cectest2864,Administrator
test,test,cectest2865,Administrator
test,test,cectest2866,Administrator
test,test,cectest2867,Administrator
test,test,cectest2868,Administrator
test,test,cectest2869,Administrator
test,test,cectest2870,Administrator
test,test,cectest2871,Administrator
test,test,cectest2872,Administrator
test,test,cectest2873,Administrator
test,test,cectest2874,Administrator
test,test,cectest2875,Administrator
test,test,cectest2876,Administrator
test,test,cectest2877,Administrator
test,test,cectest2878,Administrator
test,test,cectest2879,Administrator
test,test,cectest2880,Administrator
test,test,cectest2881,Administrator
test,test,cectest2882,Administrator
test,test,cectest2883,Administrator
test,test,cectest2884,Administrator
test,test,cectest2885,Administrator
test,test,cectest2886,Administrator
test,test,cectest2887,Administrator
test,test,cectest2888,Administrator
test,test,cectest2889,Administrator
test,test,cectest2890,Administrator
test,test,cectest2891,Administrator
test,test,cectest2892,Administrator
test,test,cectest2893,Administrator
test,test,cectest2894,Administrator
test,test,cectest2895,Administrator
test,test,cectest2896,Administrator
test,test,cectest2897,Administrator
test,test,cectest2898,Administrator
test,test,cectest2899,Administrator
test,test,cectest2900,Administrator
test,test,cectest2901,Administrator
test,test,cectest2902,Administrator
test,test,cectest2903,Administrator
test,test,cectest2904,Administrator
test,test,cectest2905,Administrator
test,test,cectest2906,Administrator
test,test,cectest2907,Administrator
test,test,cectest2908,Administrator
test,test,cectest2909,Administrator
test,test,cectest2910,Administrator
test,test,cectest2911,Administrator
test,test,cectest2912,Administrator
test,test,cectest2913,Administrator
test,test,cectest2914,Administrator
test,test,cectest2915,Administrator
test,test,cectest2916,Administrator
test,test,cectest2917,Administrator
test,test,cectest2918,Administrator
test,test,cectest2919,Administrator
test,test,cectest2920,Administrator
test,test,cectest2921,Administrator
test,test,cectest2922,Administrator
test,test,cectest2923,Administrator
test,test,cectest2924,Administrator
test,test,cectest2925,Administrator
test,test,cectest2926,Administrator
test,test,cectest2927,Administrator
test,test,cectest2928,Administrator
test,test,cectest2929,Administrator
test,test,cectest2930,Administrator
test,test,cectest2931,Administrator
test,test,cectest2932,Administrator
test,test,cectest2933,Administrator
test,test,cectest2934,Administrator
test,test,cectest2935,Administrator
test,test,cectest2936,Administrator
test,test,cectest2937,Administrator
test,test,cectest2938,Administrator
test,test,cectest2939,Administrator
test,test,cectest2940,Administrator
test,test,cectest2941,Administrator
test,test,cectest2942,Administrator
test,test,cectest2943,Administrator
test,test,cectest2944,Administrator
test,test,cectest2945,Administrator
test,test,cectest2946,Administrator
test,test,cectest2947,Administrator
test,test,cectest2948,Administrator
test,test,cectest2949,Administrator
test,test,cectest2950,Administrator
test,test,cectest2951,Administrator
test,test,cectest2952,Administrator
test,test,cectest2953,Administrator
test,test,cectest2954,Administrator
test,test,cectest2955,Administrator
test,test,cectest2956,Administrator
test,test,cectest2957,Administrator
test,test,cectest2958,Administrator
test,test,cectest2959,Administrator
test,test,cectest2960,Administrator
test,test,cectest2961,Administrator
test,test,cectest2962,Administrator
test,test,cectest2963,Administrator
test,test,cectest2964,Administrator
test,test,cectest2965,Administrator
test,test,cectest2966,Administrator
test,test,cectest2967,Administrator
test,test,cectest2968,Administrator
test,test,cectest2969,Administrator
test,test,cectest2970,Administrator
test,test,cectest2971,Administrator
test,test,cectest2972,Administrator
test,test,cectest2973,Administrator
test,test,cectest2974,Administrator
test,test,cectest2975,Administrator
test,test,cectest2976,Administrator
test,test,cectest2977,Administrator
test,test,cectest2978,Administrator
test,test,cectest2979,Administrator
test,test,cectest2980,Administrator
test,test,cectest2981,Administrator
test,test,cectest2982,Administrator
test,test,cectest2983,Administrator
test,test,cectest2984,Administrator
test,test,cectest2985,Administrator
test,test,cectest2986,Administrator
test,test,cectest2987,Administrator
test,test,cectest2988,Administrator
test,test,cectest2989,Administrator
test,test,cectest2990,Administrator
test,test,cectest2991,Administrator
test,test,cectest2992,Administrator
test,test,cectest2993,Administrator
test,test,cectest2994,Administrator
test,test,cectest2995,Administrator
test,test,cectest2996,Administrator
test,test,cectest2997,Administrator
test,test,cectest2998,Administrator
test,test,cectest2999,Administrator
test,test,cectest3000,Administrator
test,test,cectest3001,Administrator
test,test,cectest3002,Administrator
test,test,cectest3003,Administrator
test,test,cectest3004,Administrator
test,test,cectest3005,Administrator
test,test,cectest3006,Administrator
test,test,cectest3007,Administrator
test,test,cectest3008,Administrator
test,test,cectest3009,Administrator
test,test,cectest3010,Administrator
test,test,cectest3011,Administrator
test,test,cectest3012,Administrator
test,test,cectest3013,Administrator
test,test,cectest3014,Administrator
test,test,cectest3015,Administrator
test,test,cectest3016,Administrator
test,test,cectest3017,Administrator
test,test,cectest3018,Administrator
test,test,cectest3019,Administrator
test,test,cectest3020,Administrator
test,test,cectest3021,Administrator
test,test,cectest3022,Administrator
test,test,cectest3023,Administrator
test,test,cectest3024,Administrator
test,test,cectest3025,Administrator
test,test,cectest3026,Administrator
test,test,cectest3027,Administrator
test,test,cectest3028,Administrator
test,test,cectest3029,Administrator
test,test,cectest3030,Administrator
test,test,cectest3031,Administrator
test,test,cectest3032,Administrator
test,test,cectest3033,Administrator
test,test,cectest3034,Administrator
test,test,cectest3035,Administrator
test,test,cectest3036,Administrator
test,test,cectest3037,Administrator
test,test,cectest3038,Administrator
test,test,cectest3039,Administrator
test,test,cectest3040,Administrator
test,test,cectest3041,Administrator
test,test,cectest3042,Administrator
test,test,cectest3043,Administrator
test,test,cectest3044,Administrator
test,test,cectest3045,Administrator
test,test,cectest3046,Administrator
test,test,cectest3047,Administrator
test,test,cectest3048,Administrator
test,test,cectest3049,Administrator
test,test,cectest3050,Administrator
test,test,cectest3051,Administrator
test,test,cectest3052,Administrator
test,test,cectest3053,Administrator
test,test,cectest3054,Administrator
test,test,cectest3055,Administrator
test,test,cectest3056,Administrator
test,test,cectest3057,Administrator
test,test,cectest3058,Administrator
test,test,cectest3059,Administrator
test,test,cectest3060,Administrator
test,test,cectest3061,Administrator
test,test,cectest3062,Administrator
test,test,cectest3063,Administrator
test,test,cectest3064,Administrator
test,test,cectest3065,Administrator
test,test,cectest3066,Administrator
test,test,cectest3067,Administrator
test,test,cectest3068,Administrator
test,test,cectest3069,Administrator
test,test,cectest3070,Administrator
test,test,cectest3071,Administrator
test,test,cectest3072,Administrator
test,test,cectest3073,Administrator
test,test,cectest3074,Administrator
test,test,cectest3075,Administrator
test,test,cectest3076,Administrator
test,test,cectest3077,Administrator
test,test,cectest3078,Administrator
test,test,cectest3079,Administrator
test,test,cectest3080,Administrator
test,test,cectest3081,Administrator
test,test,cectest3082,Administrator
test,test,cectest3083,Administrator
test,test,cectest3084,Administrator
test,test,cectest3085,Administrator
test,test,cectest3086,Administrator
test,test,cectest3087,Administrator
test,test,cectest3088,Administrator
test,test,cectest3089,Administrator
test,test,cectest3090,Administrator
test,test,cectest3091,Administrator
test,test,cectest3092,Administrator
test,test,cectest3093,Administrator
test,test,cectest3094,Administrator
test,test,cectest3095,Administrator
test,test,cectest3096,Administrator
test,test,cectest3097,Administrator
test,test,cectest3098,Administrator
test,test,cectest3099,Administrator
test,test,cectest3100,Administrator
test,test,cectest3101,Administrator
test,test,cectest3102,Administrator
test,test,cectest3103,Administrator
test,test,cectest3104,Administrator
test,test,cectest3105,Administrator
test,test,cectest3106,Administrator
test,test,cectest3107,Administrator
test,test,cectest3108,Administrator
test,test,cectest3109,Administrator
test,test,cectest3110,Administrator
test,test,cectest3111,Administrator
test,test,cectest3112,Administrator
test,test,cectest3113,Administrator
test,test,cectest3114,Administrator
test,test,cectest3115,Administrator
test,test,cectest3116,Administrator
test,test,cectest3117,Administrator
test,test,cectest3118,Administrator
test,test,cectest3119,Administrator
test,test,cectest3120,Administrator
test,test,cectest3121,Administrator
test,test,cectest3122,Administrator
test,test,cectest3123,Administrator
test,test,cectest3124,Administrator
test,test,cectest3125,Administrator
test,test,cectest3126,Administrator
test,test,cectest3127,Administrator
test,test,cectest3128,Administrator
test,test,cectest3129,Administrator
test,test,cectest3130,Administrator
test,test,cectest3131,Administrator
test,test,cectest3132,Administrator
test,test,cectest3133,Administrator
test,test,cectest3134,Administrator
test,test,cectest3135,Administrator
test,test,cectest3136,Administrator
test,test,cectest3137,Administrator
test,test,cectest3138,Administrator
test,test,cectest3139,Administrator
test,test,cectest3140,Administrator
test,test,cectest3141,Administrator
test,test,cectest3142,Administrator
test,test,cectest3143,Administrator
test,test,cectest3144,Administrator
test,test,cectest3145,Administrator
test,test,cectest3146,Administrator
test,test,cectest3147,Administrator
test,test,cectest3148,Administrator
test,test,cectest3149,Administrator
test,test,cectest3150,Administrator
test,test,cectest3151,Administrator
test,test,cectest3152,Administrator
test,test,cectest3153,Administrator
test,test,cectest3154,Administrator
test,test,cectest3155,Administrator
test,test,cectest3156,Administrator
test,test,cectest3157,Administrator
test,test,cectest3158,Administrator
test,test,cectest3159,Administrator
test,test,cectest3160,Administrator
test,test,cectest3161,Administrator
test,test,cectest3162,Administrator
test,test,cectest3163,Administrator
test,test,cectest3164,Administrator
test,test,cectest3165,Administrator
test,test,cectest3166,Administrator
test,test,cectest3167,Administrator
test,test,cectest3168,Administrator
test,test,cectest3169,Administrator
test,test,cectest3170,Administrator
test,test,cectest3171,Administrator
test,test,cectest3172,Administrator
test,test,cectest3173,Administrator
test,test,cectest3174,Administrator
test,test,cectest3175,Administrator
test,test,cectest3176,Administrator
test,test,cectest3177,Administrator
test,test,cectest3178,Administrator
test,test,cectest3179,Administrator
test,test,cectest3180,Administrator
test,test,cectest3181,Administrator
test,test,cectest3182,Administrator
test,test,cectest3183,Administrator
test,test,cectest3184,Administrator
test,test,cectest3185,Administrator
test,test,cectest3186,Administrator
test,test,cectest3187,Administrator
test,test,cectest3188,Administrator
test,test,cectest3189,Administrator
test,test,cectest3190,Administrator
test,test,cectest3191,Administrator
test,test,cectest3192,Administrator
test,test,cectest3193,Administrator
test,test,cectest3194,Administrator
test,test,cectest3195,Administrator
test,test,cectest3196,Administrator
test,test,cectest3197,Administrator
test,test,cectest3198,Administrator
test,test,cectest3199,Administrator
test,test,cectest3200,Administrator
test,test,cectest3201,Administrator
test,test,cectest3202,Administrator
test,test,cectest3203,Administrator
test,test,cectest3204,Administrator
test,test,cectest3205,Administrator
test,test,cectest3206,Administrator
test,test,cectest3207,Administrator
test,test,cectest3208,Administrator
test,test,cectest3209,Administrator
test,test,cectest3210,Administrator
test,test,cectest3211,Administrator
test,test,cectest3212,Administrator
test,test,cectest3213,Administrator
test,test,cectest3214,Administrator
test,test,cectest3215,Administrator
test,test,cectest3216,Administrator
test,test,cectest3217,Administrator
test,test,cectest3218,Administrator
test,test,cectest3219,Administrator
test,test,cectest3220,Administrator
test,test,cectest3221,Administrator
test,test,cectest3222,Administrator
test,test,cectest3223,Administrator
test,test,cectest3224,Administrator
test,test,cectest3225,Administrator
test,test,cectest3226,Administrator
test,test,cectest3227,Administrator
test,test,cectest3228,Administrator
test,test,cectest3229,Administrator
test,test,cectest3230,Administrator
test,test,cectest3231,Administrator
test,test,cectest3232,Administrator
test,test,cectest3233,Administrator
test,test,cectest3234,Administrator
test,test,cectest3235,Administrator
test,test,cectest3236,Administrator
test,test,cectest3237,Administrator
test,test,cectest3238,Administrator
test,test,cectest3239,Administrator
test,test,cectest3240,Administrator
test,test,cectest3241,Administrator
test,test,cectest3242,Administrator
test,test,cectest3243,Administrator
test,test,cectest3244,Administrator
test,test,cectest3245,Administrator
test,test,cectest3246,Administrator
test,test,cectest3247,Administrator
test,test,cectest3248,Administrator
test,test,cectest3249,Administrator
test,test,cectest3250,Administrator
test,test,cectest3251,Administrator
test,test,cectest3252,Administrator
test,test,cectest3253,Administrator
test,test,cectest3254,Administrator
test,test,cectest3255,Administrator
test,test,cectest3256,Administrator
test,test,cectest3257,Administrator
test,test,cectest3258,Administrator
test,test,cectest3259,Administrator
test,test,cectest3260,Administrator
test,test,cectest3261,Administrator
test,test,cectest3262,Administrator
test,test,cectest3263,Administrator
test,test,cectest3264,Administrator
test,test,cectest3265,Administrator
test,test,cectest3266,Administrator
test,test,cectest3267,Administrator
test,test,cectest3268,Administrator
test,test,cectest3269,Administrator
test,test,cectest3270,Administrator
test,test,cectest3271,Administrator
test,test,cectest3272,Administrator
test,test,cectest3273,Administrator
test,test,cectest3274,Administrator
test,test,cectest3275,Administrator
test,test,cectest3276,Administrator
test,test,cectest3277,Administrator
test,test,cectest3278,Administrator
test,test,cectest3279,Administrator
test,test,cectest3280,Administrator
test,test,cectest3281,Administrator
test,test,cectest3282,Administrator
test,test,cectest3283,Administrator
test,test,cectest3284,Administrator
test,test,cectest3285,Administrator
test,test,cectest3286,Administrator
test,test,cectest3287,Administrator
test,test,cectest3288,Administrator
test,test,cectest3289,Administrator
test,test,cectest3290,Administrator
test,test,cectest3291,Administrator
test,test,cectest3292,Administrator
test,test,cectest3293,Administrator
test,test,cectest3294,Administrator
test,test,cectest3295,Administrator
test,test,cectest3296,Administrator
test,test,cectest3297,Administrator
test,test,cectest3298,Administrator
test,test,cectest3299,Administrator
test,test,cectest3300,Administrator
test,test,cectest3301,Administrator
test,test,cectest3302,Administrator
test,test,cectest3303,Administrator
test,test,cectest3304,Administrator
test,test,cectest3305,Administrator
test,test,cectest3306,Administrator
test,test,cectest3307,Administrator
test,test,cectest3308,Administrator
test,test,cectest3309,Administrator
test,test,cectest3310,Administrator
test,test,cectest3311,Administrator
test,test,cectest3312,Administrator
test,test,cectest3313,Administrator
test,test,cectest3314,Administrator
test,test,cectest3315,Administrator
test,test,cectest3316,Administrator
test,test,cectest3317,Administrator
test,test,cectest3318,Administrator
test,test,cectest3319,Administrator
test,test,cectest3320,Administrator
test,test,cectest3321,Administrator
test,test,cectest3322,Administrator
test,test,cectest3323,Administrator
test,test,cectest3324,Administrator
test,test,cectest3325,Administrator
test,test,cectest3326,Administrator
test,test,cectest3327,Administrator
test,test,cectest3328,Administrator
test,test,cectest3329,Administrator
test,test,cectest3330,Administrator
test,test,cectest3331,Administrator
test,test,cectest3332,Administrator
test,test,cectest3333,Administrator
test,test,cectest3334,Administrator
test,test,cectest3335,Administrator
test,test,cectest3336,Administrator
test,test,cectest3337,Administrator
test,test,cectest3338,Administrator
test,test,cectest3339,Administrator
test,test,cectest3340,Administrator
test,test,cectest3341,Administrator
test,test,cectest3342,Administrator
test,test,cectest3343,Administrator
test,test,cectest3344,Administrator
test,test,cectest3345,Administrator
test,test,cectest3346,Administrator
test,test,cectest3347,Administrator
test,test,cectest3348,Administrator
test,test,cectest3349,Administrator
test,test,cectest3350,Administrator
test,test,cectest3351,Administrator
test,test,cectest3352,Administrator
test,test,cectest3353,Administrator
test,test,cectest3354,Administrator
test,test,cectest3355,Administrator
test,test,cectest3356,Administrator
test,test,cectest3357,Administrator
test,test,cectest3358,Administrator
test,test,cectest3359,Administrator
test,test,cectest3360,Administrator
test,test,cectest3361,Administrator
test,test,cectest3362,Administrator
test,test,cectest3363,Administrator
test,test,cectest3364,Administrator
test,test,cectest3365,Administrator
test,test,cectest3366,Administrator
test,test,cectest3367,Administrator
test,test,cectest3368,Administrator
test,test,cectest3369,Administrator
test,test,cectest3370,Administrator
test,test,cectest3371,Administrator
test,test,cectest3372,Administrator
test,test,cectest3373,Administrator
test,test,cectest3374,Administrator
test,test,cectest3375,Administrator
test,test,cectest3376,Administrator
test,test,cectest3377,Administrator
test,test,cectest3378,Administrator
test,test,cectest3379,Administrator
test,test,cectest3380,Administrator
test,test,cectest3381,Administrator
test,test,cectest3382,Administrator
test,test,cectest3383,Administrator
test,test,cectest3384,Administrator
test,test,cectest3385,Administrator
test,test,cectest3386,Administrator
test,test,cectest3387,Administrator
test,test,cectest3388,Administrator
test,test,cectest3389,Administrator
test,test,cectest3390,Administrator
test,test,cectest3391,Administrator
test,test,cectest3392,Administrator
test,test,cectest3393,Administrator
test,test,cectest3394,Administrator
test,test,cectest3395,Administrator
test,test,cectest3396,Administrator
test,test,cectest3397,Administrator
test,test,cectest3398,Administrator
test,test,cectest3399,Administrator
test,test,cectest3400,Administrator
test,test,cectest3401,Administrator
test,test,cectest3402,Administrator
test,test,cectest3403,Administrator
test,test,cectest3404,Administrator
test,test,cectest3405,Administrator
test,test,cectest3406,Administrator
test,test,cectest3407,Administrator
test,test,cectest3408,Administrator
test,test,cectest3409,Administrator
test,test,cectest3410,Administrator
test,test,cectest3411,Administrator
test,test,cectest3412,Administrator
test,test,cectest3413,Administrator
test,test,cectest3414,Administrator
test,test,cectest3415,Administrator
test,test,cectest3416,Administrator
test,test,cectest3417,Administrator
test,test,cectest3418,Administrator
test,test,cectest3419,Administrator
test,test,cectest3420,Administrator
test,test,cectest3421,Administrator
test,test,cectest3422,Administrator
test,test,cectest3423,Administrator
test,test,cectest3424,Administrator
test,test,cectest3425,Administrator
test,test,cectest3426,Administrator
test,test,cectest3427,Administrator
test,test,cectest3428,Administrator
test,test,cectest3429,Administrator
test,test,cectest3430,Administrator
test,test,cectest3431,Administrator
test,test,cectest3432,Administrator
test,test,cectest3433,Administrator
test,test,cectest3434,Administrator
test,test,cectest3435,Administrator
test,test,cectest3436,Administrator
test,test,cectest3437,Administrator
test,test,cectest3438,Administrator
test,test,cectest3439,Administrator
test,test,cectest3440,Administrator
test,test,cectest3441,Administrator
test,test,cectest3442,Administrator
test,test,cectest3443,Administrator
test,test,cectest3444,Administrator
test,test,cectest3445,Administrator
test,test,cectest3446,Administrator
test,test,cectest3447,Administrator
test,test,cectest3448,Administrator
test,test,cectest3449,Administrator
test,test,cectest3450,Administrator
test,test,cectest3451,Administrator
test,test,cectest3452,Administrator
test,test,cectest3453,Administrator
test,test,cectest3454,Administrator
test,test,cectest3455,Administrator
test,test,cectest3456,Administrator
test,test,cectest3457,Administrator
test,test,cectest3458,Administrator
test,test,cectest3459,Administrator
test,test,cectest3460,Administrator
test,test,cectest3461,Administrator
test,test,cectest3462,Administrator
test,test,cectest3463,Administrator
test,test,cectest3464,Administrator
test,test,cectest3465,Administrator
test,test,cectest3466,Administrator
test,test,cectest3467,Administrator
test,test,cectest3468,Administrator
test,test,cectest3469,Administrator
test,test,cectest3470,Administrator
test,test,cectest3471,Administrator
test,test,cectest3472,Administrator
test,test,cectest3473,Administrator
test,test,cectest3474,Administrator
test,test,cectest3475,Administrator
test,test,cectest3476,Administrator
test,test,cectest3477,Administrator
test,test,cectest3478,Administrator
test,test,cectest3479,Administrator
test,test,cectest3480,Administrator
test,test,cectest3481,Administrator
test,test,cectest3482,Administrator
test,test,cectest3483,Administrator
test,test,cectest3484,Administrator
test,test,cectest3485,Administrator
test,test,cectest3486,Administrator
test,test,cectest3487,Administrator
test,test,cectest3488,Administrator
test,test,cectest3489,Administrator
test,test,cectest3490,Administrator
test,test,cectest3491,Administrator
test,test,cectest3492,Administrator
test,test,cectest3493,Administrator
test,test,cectest3494,Administrator
test,test,cectest3495,Administrator
test,test,cectest3496,Administrator
test,test,cectest3497,Administrator
test,test,cectest3498,Administrator
test,test,cectest3499,Administrator
test,test,cectest3500,Administrator
test,test,cectest3501,Administrator
test,test,cectest3502,Administrator
test,test,cectest3503,Administrator
test,test,cectest3504,Administrator
test,test,cectest3505,Administrator
test,test,cectest3506,Administrator
test,test,cectest3507,Administrator
test,test,cectest3508,Administrator
test,test,cectest3509,Administrator
test,test,cectest3510,Administrator
test,test,cectest3511,Administrator
test,test,cectest3512,Administrator
test,test,cectest3513,Administrator
test,test,cectest3514,Administrator
test,test,cectest3515,Administrator
test,test,cectest3516,Administrator
test,test,cectest3517,Administrator
test,test,cectest3518,Administrator
test,test,cectest3519,Administrator
test,test,cectest3520,Administrator
test,test,cectest3521,Administrator
test,test,cectest3522,Administrator
test,test,cectest3523,Administrator
test,test,cectest3524,Administrator
test,test,cectest3525,Administrator
test,test,cectest3526,Administrator
test,test,cectest3527,Administrator
test,test,cectest3528,Administrator
test,test,cectest3529,Administrator
test,test,cectest3530,Administrator
test,test,cectest3531,Administrator
test,test,cectest3532,Administrator
test,test,cectest3533,Administrator
test,test,cectest3534,Administrator
test,test,cectest3535,Administrator
test,test,cectest3536,Administrator
test,test,cectest3537,Administrator
test,test,cectest3538,Administrator
test,test,cectest3539,Administrator
test,test,cectest3540,Administrator
test,test,cectest3541,Administrator
test,test,cectest3542,Administrator
test,test,cectest3543,Administrator
test,test,cectest3544,Administrator
test,test,cectest3545,Administrator
test,test,cectest3546,Administrator
test,test,cectest3547,Administrator
test,test,cectest3548,Administrator
test,test,cectest3549,Administrator
test,test,cectest3550,Administrator
test,test,cectest3551,Administrator
test,test,cectest3552,Administrator
test,test,cectest3553,Administrator
test,test,cectest3554,Administrator
test,test,cectest3555,Administrator
test,test,cectest3556,Administrator
test,test,cectest3557,Administrator
test,test,cectest3558,Administrator
test,test,cectest3559,Administrator
test,test,cectest3560,Administrator
test,test,cectest3561,Administrator
test,test,cectest3562,Administrator
test,test,cectest3563,Administrator
test,test,cectest3564,Administrator
test,test,cectest3565,Administrator
test,test,cectest3566,Administrator
test,test,cectest3567,Administrator
test,test,cectest3568,Administrator
test,test,cectest3569,Administrator
test,test,cectest3570,Administrator
test,test,cectest3571,Administrator
test,test,cectest3572,Administrator
test,test,cectest3573,Administrator
test,test,cectest3574,Administrator
test,test,cectest3575,Administrator
test,test,cectest3576,Administrator
test,test,cectest3577,Administrator
test,test,cectest3578,Administrator
test,test,cectest3579,Administrator
test,test,cectest3580,Administrator
test,test,cectest3581,Administrator
test,test,cectest3582,Administrator
test,test,cectest3583,Administrator
test,test,cectest3584,Administrator
test,test,cectest3585,Administrator
test,test,cectest3586,Administrator
test,test,cectest3587,Administrator
test,test,cectest3588,Administrator
test,test,cectest3589,Administrator
test,test,cectest3590,Administrator
test,test,cectest3591,Administrator
test,test,cectest3592,Administrator
test,test,cectest3593,Administrator
test,test,cectest3594,Administrator
test,test,cectest3595,Administrator
test,test,cectest3596,Administrator
test,test,cectest3597,Administrator
test,test,cectest3598,Administrator
test,test,cectest3599,Administrator
test,test,cectest3600,Administrator
test,test,cectest3601,Administrator
test,test,cectest3602,Administrator
test,test,cectest3603,Administrator
test,test,cectest3604,Administrator
test,test,cectest3605,Administrator
test,test,cectest3606,Administrator
test,test,cectest3607,Administrator
test,test,cectest3608,Administrator
test,test,cectest3609,Administrator
test,test,cectest3610,Administrator
test,test,cectest3611,Administrator
test,test,cectest3612,Administrator
test,test,cectest3613,Administrator
test,test,cectest3614,Administrator
test,test,cectest3615,Administrator
test,test,cectest3616,Administrator
test,test,cectest3617,Administrator
test,test,cectest3618,Administrator
test,test,cectest3619,Administrator
test,test,cectest3620,Administrator
test,test,cectest3621,Administrator
test,test,cectest3622,Administrator
test,test,cectest3623,Administrator
test,test,cectest3624,Administrator
test,test,cectest3625,Administrator
test,test,cectest3626,Administrator
test,test,cectest3627,Administrator
test,test,cectest3628,Administrator
test,test,cectest3629,Administrator
test,test,cectest3630,Administrator
test,test,cectest3631,Administrator
test,test,cectest3632,Administrator
test,test,cectest3633,Administrator
test,test,cectest3634,Administrator
test,test,cectest3635,Administrator
test,test,cectest3636,Administrator
test,test,cectest3637,Administrator
test,test,cectest3638,Administrator
test,test,cectest3639,Administrator
test,test,cectest3640,Administrator
test,test,cectest3641,Administrator
test,test,cectest3642,Administrator
test,test,cectest3643,Administrator
test,test,cectest3644,Administrator
test,test,cectest3645,Administrator
test,test,cectest3646,Administrator
test,test,cectest3647,Administrator
test,test,cectest3648,Administrator
test,test,cectest3649,Administrator
test,test,cectest3650,Administrator
test,test,cectest3651,Administrator
test,test,cectest3652,Administrator
test,test,cectest3653,Administrator
test,test,cectest3654,Administrator
test,test,cectest3655,Administrator
test,test,cectest3656,Administrator
test,test,cectest3657,Administrator
test,test,cectest3658,Administrator
test,test,cectest3659,Administrator
test,test,cectest3660,Administrator
test,test,cectest3661,Administrator
test,test,cectest3662,Administrator
test,test,cectest3663,Administrator
test,test,cectest3664,Administrator
test,test,cectest3665,Administrator
test,test,cectest3666,Administrator
test,test,cectest3667,Administrator
test,test,cectest3668,Administrator
test,test,cectest3669,Administrator
test,test,cectest3670,Administrator
test,test,cectest3671,Administrator
test,test,cectest3672,Administrator
test,test,cectest3673,Administrator
test,test,cectest3674,Administrator
test,test,cectest3675,Administrator
test,test,cectest3676,Administrator
test,test,cectest3677,Administrator
test,test,cectest3678,Administrator
test,test,cectest3679,Administrator
test,test,cectest3680,Administrator
test,test,cectest3681,Administrator
test,test,cectest3682,Administrator
test,test,cectest3683,Administrator
test,test,cectest3684,Administrator
test,test,cectest3685,Administrator
test,test,cectest3686,Administrator
test,test,cectest3687,Administrator
test,test,cectest3688,Administrator
test,test,cectest3689,Administrator
test,test,cectest3690,Administrator
test,test,cectest3691,Administrator
test,test,cectest3692,Administrator
test,test,cectest3693,Administrator
test,test,cectest3694,Administrator
test,test,cectest3695,Administrator
test,test,cectest3696,Administrator
test,test,cectest3697,Administrator
test,test,cectest3698,Administrator
test,test,cectest3699,Administrator
test,test,cectest3700,Administrator
test,test,cectest3701,Administrator
test,test,cectest3702,Administrator
test,test,cectest3703,Administrator
test,test,cectest3704,Administrator
test,test,cectest3705,Administrator
test,test,cectest3706,Administrator
test,test,cectest3707,Administrator
test,test,cectest3708,Administrator
test,test,cectest3709,Administrator
test,test,cectest3710,Administrator
test,test,cectest3711,Administrator
test,test,cectest3712,Administrator
test,test,cectest3713,Administrator
test,test,cectest3714,Administrator
test,test,cectest3715,Administrator
test,test,cectest3716,Administrator
test,test,cectest3717,Administrator
test,test,cectest3718,Administrator
test,test,cectest3719,Administrator
test,test,cectest3720,Administrator
test,test,cectest3721,Administrator
test,test,cectest3722,Administrator
test,test,cectest3723,Administrator
test,test,cectest3724,Administrator
test,test,cectest3725,Administrator
test,test,cectest3726,Administrator
test,test,cectest3727,Administrator
test,test,cectest3728,Administrator
test,test,cectest3729,Administrator
test,test,cectest3730,Administrator
test,test,cectest3731,Administrator
test,test,cectest3732,Administrator
test,test,cectest3733,Administrator
test,test,cectest3734,Administrator
test,test,cectest3735,Administrator
test,test,cectest3736,Administrator
test,test,cectest3737,Administrator
test,test,cectest3738,Administrator
test,test,cectest3739,Administrator
test,test,cectest3740,Administrator
test,test,cectest3741,Administrator
test,test,cectest3742,Administrator
test,test,cectest3743,Administrator
test,test,cectest3744,Administrator
test,test,cectest3745,Administrator
test,test,cectest3746,Administrator
test,test,cectest3747,Administrator
test,test,cectest3748,Administrator
test,test,cectest3749,Administrator
test,test,cectest3750,Administrator
test,test,cectest3751,Administrator
test,test,cectest3752,Administrator
test,test,cectest3753,Administrator
test,test,cectest3754,Administrator
test,test,cectest3755,Administrator
test,test,cectest3756,Administrator
test,test,cectest3757,Administrator
test,test,cectest3758,Administrator
test,test,cectest3759,Administrator
test,test,cectest3760,Administrator
test,test,cectest3761,Administrator
test,test,cectest3762,Administrator
test,test,cectest3763,Administrator
test,test,cectest3764,Administrator
test,test,cectest3765,Administrator
test,test,cectest3766,Administrator
test,test,cectest3767,Administrator
test,test,cectest3768,Administrator
test,test,cectest3769,Administrator
test,test,cectest3770,Administrator
test,test,cectest3771,Administrator
test,test,cectest3772,Administrator
test,test,cectest3773,Administrator
test,test,cectest3774,Administrator
test,test,cectest3775,Administrator
test,test,cectest3776,Administrator
test,test,cectest3777,Administrator
test,test,cectest3778,Administrator
test,test,cectest3779,Administrator
test,test,cectest3780,Administrator
test,test,cectest3781,Administrator
test,test,cectest3782,Administrator
test,test,cectest3783,Administrator
test,test,cectest3784,Administrator
test,test,cectest3785,Administrator
test,test,cectest3786,Administrator
test,test,cectest3787,Administrator
test,test,cectest3788,Administrator
test,test,cectest3789,Administrator
test,test,cectest3790,Administrator
test,test,cectest3791,Administrator
test,test,cectest3792,Administrator
test,test,cectest3793,Administrator
test,test,cectest3794,Administrator
test,test,cectest3795,Administrator
test,test,cectest3796,Administrator
test,test,cectest3797,Administrator
test,test,cectest3798,Administrator
test,test,cectest3799,Administrator
test,test,cectest3800,Administrator
test,test,cectest3801,Administrator
test,test,cectest3802,Administrator
test,test,cectest3803,Administrator
test,test,cectest3804,Administrator
test,test,cectest3805,Administrator
test,test,cectest3806,Administrator
test,test,cectest3807,Administrator
test,test,cectest3808,Administrator
test,test,cectest3809,Administrator
test,test,cectest3810,Administrator
test,test,cectest3811,Administrator
test,test,cectest3812,Administrator
test,test,cectest3813,Administrator
test,test,cectest3814,Administrator
test,test,cectest3815,Administrator
test,test,cectest3816,Administrator
test,test,cectest3817,Administrator
test,test,cectest3818,Administrator
test,test,cectest3819,Administrator
test,test,cectest3820,Administrator
test,test,cectest3821,Administrator
test,test,cectest3822,Administrator
test,test,cectest3823,Administrator
test,test,cectest3824,Administrator
test,test,cectest3825,Administrator
test,test,cectest3826,Administrator
test,test,cectest3827,Administrator
test,test,cectest3828,Administrator
test,test,cectest3829,Administrator
test,test,cectest3830,Administrator
test,test,cectest3831,Administrator
test,test,cectest3832,Administrator
test,test,cectest3833,Administrator
test,test,cectest3834,Administrator
test,test,cectest3835,Administrator
test,test,cectest3836,Administrator
test,test,cectest3837,Administrator
test,test,cectest3838,Administrator
test,test,cectest3839,Administrator
test,test,cectest3840,Administrator
test,test,cectest3841,Administrator
test,test,cectest3842,Administrator
test,test,cectest3843,Administrator
test,test,cectest3844,Administrator
test,test,cectest3845,Administrator
test,test,cectest3846,Administrator
test,test,cectest3847,Administrator
test,test,cectest3848,Administrator
test,test,cectest3849,Administrator
test,test,cectest3850,Administrator
test,test,cectest3851,Administrator
test,test,cectest3852,Administrator
test,test,cectest3853,Administrator
test,test,cectest3854,Administrator
test,test,cectest3855,Administrator
test,test,cectest3856,Administrator
test,test,cectest3857,Administrator
test,test,cectest3858,Administrator
test,test,cectest3859,Administrator
test,test,cectest3860,Administrator
test,test,cectest3861,Administrator
test,test,cectest3862,Administrator
test,test,cectest3863,Administrator
test,test,cectest3864,Administrator
test,test,cectest3865,Administrator
test,test,cectest3866,Administrator
test,test,cectest3867,Administrator
test,test,cectest3868,Administrator
test,test,cectest3869,Administrator
test,test,cectest3870,Administrator
test,test,cectest3871,Administrator
test,test,cectest3872,Administrator
test,test,cectest3873,Administrator
test,test,cectest3874,Administrator
test,test,cectest3875,Administrator
test,test,cectest3876,Administrator
test,test,cectest3877,Administrator
test,test,cectest3878,Administrator
test,test,cectest3879,Administrator
test,test,cectest3880,Administrator
test,test,cectest3881,Administrator
test,test,cectest3882,Administrator
test,test,cectest3883,Administrator
test,test,cectest3884,Administrator
test,test,cectest3885,Administrator
test,test,cectest3886,Administrator
test,test,cectest3887,Administrator
test,test,cectest3888,Administrator
test,test,cectest3889,Administrator
test,test,cectest3890,Administrator
test,test,cectest3891,Administrator
test,test,cectest3892,Administrator
test,test,cectest3893,Administrator
test,test,cectest3894,Administrator
test,test,cectest3895,Administrator
test,test,cectest3896,Administrator
test,test,cectest3897,Administrator
test,test,cectest3898,Administrator
test,test,cectest3899,Administrator
test,test,cectest3900,Administrator
test,test,cectest3901,Administrator
test,test,cectest3902,Administrator
test,test,cectest3903,Administrator
test,test,cectest3904,Administrator
test,test,cectest3905,Administrator
test,test,cectest3906,Administrator
test,test,cectest3907,Administrator
test,test,cectest3908,Administrator
test,test,cectest3909,Administrator
test,test,cectest3910,Administrator
test,test,cectest3911,Administrator
test,test,cectest3912,Administrator
test,test,cectest3913,Administrator
test,test,cectest3914,Administrator
test,test,cectest3915,Administrator
test,test,cectest3916,Administrator
test,test,cectest3917,Administrator
test,test,cectest3918,Administrator
test,test,cectest3919,Administrator
test,test,cectest3920,Administrator
test,test,cectest3921,Administrator
test,test,cectest3922,Administrator
test,test,cectest3923,Administrator
test,test,cectest3924,Administrator
test,test,cectest3925,Administrator
test,test,cectest3926,Administrator
test,test,cectest3927,Administrator
test,test,cectest3928,Administrator
test,test,cectest3929,Administrator
test,test,cectest3930,Administrator
test,test,cectest3931,Administrator
test,test,cectest3932,Administrator
test,test,cectest3933,Administrator
test,test,cectest3934,Administrator
test,test,cectest3935,Administrator
test,test,cectest3936,Administrator
test,test,cectest3937,Administrator
test,test,cectest3938,Administrator
test,test,cectest3939,Administrator
test,test,cectest3940,Administrator
test,test,cectest3941,Administrator
test,test,cectest3942,Administrator
test,test,cectest3943,Administrator
test,test,cectest3944,Administrator
test,test,cectest3945,Administrator
test,test,cectest3946,Administrator
test,test,cectest3947,Administrator
test,test,cectest3948,Administrator
test,test,cectest3949,Administrator
test,test,cectest3950,Administrator
test,test,cectest3951,Administrator
test,test,cectest3952,Administrator
test,test,cectest3953,Administrator
test,test,cectest3954,Administrator
test,test,cectest3955,Administrator
test,test,cectest3956,Administrator
test,test,cectest3957,Administrator
test,test,cectest3958,Administrator
test,test,cectest3959,Administrator
test,test,cectest3960,Administrator
test,test,cectest3961,Administrator
test,test,cectest3962,Administrator
test,test,cectest3963,Administrator
test,test,cectest3964,Administrator
test,test,cectest3965,Administrator
test,test,cectest3966,Administrator
test,test,cectest3967,Administrator
test,test,cectest3968,Administrator
test,test,cectest3969,Administrator
test,test,cectest3970,Administrator
test,test,cectest3971,Administrator
test,test,cectest3972,Administrator
test,test,cectest3973,Administrator
test,test,cectest3974,Administrator
test,test,cectest3975,Administrator
test,test,cectest3976,Administrator
test,test,cectest3977,Administrator
test,test,cectest3978,Administrator
test,test,cectest3979,Administrator
test,test,cectest3980,Administrator
test,test,cectest3981,Administrator
test,test,cectest3982,Administrator
test,test,cectest3983,Administrator
test,test,cectest3984,Administrator
test,test,cectest3985,Administrator
test,test,cectest3986,Administrator
test,test,cectest3987,Administrator
test,test,cectest3988,Administrator
test,test,cectest3989,Administrator
test,test,cectest3990,Administrator
test,test,cectest3991,Administrator
test,test,cectest3992,Administrator
test,test,cectest3993,Administrator
test,test,cectest3994,Administrator
test,test,cectest3995,Administrator
test,test,cectest3996,Administrator
test,test,cectest3997,Administrator
test,test,cectest3998,Administrator
test,test,cectest3999,Administrator
test,test,cectest4000,Administrator
test,test,cectest4001,Administrator
test,test,cectest4002,Administrator
test,test,cectest4003,Administrator
test,test,cectest4004,Administrator
test,test,cectest4005,Administrator
test,test,cectest4006,Administrator
test,test,cectest4007,Administrator
test,test,cectest4008,Administrator
test,test,cectest4009,Administrator
test,test,cectest4010,Administrator
test,test,cectest4011,Administrator
test,test,cectest4012,Administrator
